{"cameraMode":{"drawMode":0,"name":"Shaded","section":"Shading Mode"},"sceneLighting":true,"audioPlay":false,"sceneViewState":{"showFog":true,"showMaterialUpdate":false,"showSkybox":true,"showFlares":true,"showImageEffects":true,"showParticleSystems":true},"in2DMode":false,"pivot":{"x":-2.690000057220459,"y":4.36198091506958,"z":0.8641329407691956},"rotation":{"x":-0.06403125822544098,"y":0.14971338212490083,"z":-0.009716413915157318,"w":-0.9866060614585877},"size":22.0,"orthographic":false}